{"name":"GitHub-Search-Viewer","key":"designmyoshidan-github-githubsearchviewer","description":"GitHub-Serach-Viewer","image":"./images/connector-logo.svg","protocolType":"http","oauthRefreshTokenInterval":0,"deleted":false,"createdDate":"2022-10-16T01:45:19Z","updatedDate":"2022-10-16T01:46:41Z","hide":false,"authentication":{"type":"none"},"configuration":[{"name":"Pagination type","key":"pagination.type","description":"Pagination type","defaultValue":"page","deleted":false,"required":false,"type":"TEXTFIELD_32","createdDate":"2022-10-16T01:45:19Z","updatedDate":"2022-10-16T01:46:41Z","displayOrder":1,"hide":false,"groupControl":false,"configScreenType":"none","internal":false},{"name":"Time of Getting Token or Performing Authentication","key":"authentication.time","description":"Time of Getting Token or Performing Authentication","deleted":false,"required":false,"type":"TEXTFIELD_32","createdDate":"2022-10-16T01:45:19Z","updatedDate":"2022-10-16T01:46:41Z","displayOrder":1000,"hide":true,"groupControl":false,"internal":true},{"name":"Event notification callback headers","key":"event.notification.callback.headers","description":"Event notification callback headers","deleted":false,"required":false,"type":"TEXTFIELD_128","createdDate":"2022-10-16T01:45:19Z","updatedDate":"2022-10-16T01:46:41Z","displayOrder":1000,"hide":false,"groupControl":false,"internal":false},{"name":"Event notifications enable","key":"event.notification.enabled","description":"Event notifications enable","defaultValue":"false","deleted":false,"required":false,"type":"BOOLEAN","createdDate":"2022-10-16T01:45:19Z","updatedDate":"2022-10-16T01:46:41Z","displayOrder":1000,"hide":true,"groupControl":false,"internal":false},{"name":"Event poller resources configuration","key":"event.poller.configuration","description":"Event poller resources configuration","defaultValue":"{}","deleted":false,"required":false,"type":"TEXTAREA","createdDate":"2022-10-16T01:45:19Z","updatedDate":"2022-10-16T01:46:41Z","displayOrder":1000,"hide":true,"groupControl":false,"internal":false},{"name":"Event poller refresh interval","key":"event.poller.refresh_interval","description":"Set time interval for polling vendor application (in minutes)","defaultValue":"15","deleted":false,"required":false,"type":"TEXTFIELD_32","createdDate":"2022-10-16T01:45:19Z","updatedDate":"2022-10-16T01:46:41Z","displayOrder":1000,"hide":true,"groupControl":false,"internal":false},{"name":"Synchronous Bulk Notification","key":"synchronous.bulk.notification","description":"Enables synchronous bulk callback notification","defaultValue":"true","deleted":false,"required":false,"type":"BOOLEAN","createdDate":"2022-10-16T01:45:19Z","updatedDate":"2022-10-16T01:46:41Z","displayOrder":1000,"hide":false,"groupControl":false,"internal":false},{"name":"Connection Identity Lookup Key","key":"connection.identity.lookup.key","description":"A JSON path type string value, possibly with dot notation. Helps to retrieve the connection identity while provisioning, then stored on element instance.  For example 'data.email' or 'email'","deleted":false,"required":false,"type":"TEXTFIELD_1000","createdDate":"2022-10-16T01:45:19Z","updatedDate":"2022-10-16T01:46:41Z","displayOrder":1000,"hide":false,"groupControl":false,"internal":false},{"name":"Filter null values from the response","key":"filter.response.nulls","description":"Used to enable/disable filtering of null values from the responses","defaultValue":"true","deleted":false,"required":false,"type":"BOOLEAN","createdDate":"2022-10-16T01:45:19Z","updatedDate":"2022-10-16T01:46:41Z","displayOrder":1000,"hide":false,"groupControl":false,"internal":false},{"name":"Max page size (or limit)","key":"pagination.max","description":"The maximum number of records the API provider returns in a response","defaultValue":"100","deleted":false,"required":false,"type":"TEXTFIELD_32","createdDate":"2022-10-16T01:45:19Z","updatedDate":"2022-10-16T01:46:41Z","displayOrder":1,"hide":false,"groupControl":false,"configScreenType":"none","internal":false},{"name":"Decode Authorization OAuth Code","key":"oauth.decode.authorization.code","description":"Used in the token exchange API call to specify if the authorization code should be base64 decoded","defaultValue":"false","deleted":false,"required":false,"type":"BOOLEAN","createdDate":"2022-10-16T01:45:19Z","updatedDate":"2022-10-16T01:46:41Z","displayOrder":1000,"hide":true,"groupControl":false,"internal":false},{"name":"Default select fields","key":"default.select.fields.map","description":"Generic map used to specify default fields for bulk download and GET /all requests. Each key should be the canonical objectName and values may be specified as a comma-delimited string or a list of strings","deleted":false,"required":false,"type":"TEXTAREA","createdDate":"2022-10-16T01:45:19Z","updatedDate":"2022-10-16T01:46:41Z","displayOrder":1000,"hide":false,"groupControl":false,"internal":false},{"name":"Event notification signature key","key":"event.notification.signature.key","description":"Event notification signature key","deleted":false,"required":false,"type":"TEXTFIELD_128","createdDate":"2022-10-16T01:45:19Z","updatedDate":"2022-10-16T01:46:41Z","displayOrder":1000,"hide":true,"groupControl":false,"internal":false},{"name":"Event notification basic user name","key":"event.notification.basic.username","description":"Event notification basic user name","deleted":false,"required":false,"type":"TEXTFIELD_128","createdDate":"2022-10-16T01:45:19Z","updatedDate":"2022-10-16T01:46:41Z","displayOrder":1000,"hide":false,"groupControl":false,"internal":false},{"name":"Event notification basic password","key":"event.notification.basic.password","description":"Event notification basic password","deleted":false,"required":false,"type":"PASSWORD","createdDate":"2022-10-16T01:45:19Z","updatedDate":"2022-10-16T01:46:41Z","displayOrder":1000,"hide":false,"groupControl":false,"internal":false},{"name":"Pagination","key":"pagination","description":"Pagination","defaultValue":"{\"minPageSize\":1,\"maxPageSize\":200,\"defaultPageSize\":200}","deleted":false,"required":false,"type":"TEXTFIELD_32","createdDate":"2022-10-16T01:45:19Z","updatedDate":"2022-10-16T01:46:41Z","displayOrder":1,"hide":false,"groupControl":false,"configScreenType":"none","internal":false},{"name":"Base URL","key":"base.url","description":"Base URL","defaultValue":"https://api.github.com/search","deleted":false,"required":false,"type":"TEXTFIELD_1000","createdDate":"2022-10-16T01:45:19Z","updatedDate":"2022-10-16T01:46:41Z","displayOrder":1,"hide":true,"groupControl":false,"internal":false},{"name":"Instance Variables","key":"instance.variables","description":"Instance Variables","deleted":false,"required":false,"type":"CODE_EDITOR","createdDate":"2022-10-16T01:45:19Z","updatedDate":"2022-10-16T01:46:41Z","displayOrder":1000,"hide":false,"groupControl":false,"internal":false}],"resources":[{"path":"/repositories","vendorPath":"/repositories","method":"GET","vendorMethod":"GET","description":"Search for Search repositories","createdDate":"2022-10-16T01:45:19Z","updatedDate":"2022-10-16T11:02:42Z","type":"api","rootKey":"|items","responseContentType":"application/json","parameters":[{"vendorName":"page","vendorType":"query","name":"page","type":"query","description":"The page number of resources to retrieve","required":false,"dataType":"integer","vendorDataType":"integer","source":"request","createdDate":"2022-10-16T01:45:19Z","updatedDate":"2022-10-16T11:02:42Z","value":"1"},{"vendorName":"sort","vendorType":"query","name":"sort","type":"query","description":"sort","required":true,"dataType":"string","vendorDataType":"string","source":"request","createdDate":"2022-10-16T01:45:19Z","updatedDate":"2022-10-16T11:02:42Z","value":"stars"},{"vendorName":"per_page","vendorType":"query","name":"pageSize","type":"query","description":"The number of resources to return in a given page","required":false,"dataType":"integer","vendorDataType":"integer","source":"request","createdDate":"2022-10-16T01:45:19Z","updatedDate":"2022-10-16T11:02:42Z","value":"30"},{"vendorName":"q","vendorType":"query","name":"q","type":"query","description":"query sring","required":true,"dataType":"string","vendorDataType":"string","source":"request","createdDate":"2022-10-16T01:45:19Z","updatedDate":"2022-10-16T11:02:42Z","value":"uipath in:name,description stars:>50"},{"vendorName":"order","vendorType":"query","name":"order","type":"query","description":"sort order","required":true,"dataType":"string","vendorDataType":"string","source":"request","createdDate":"2022-10-16T01:45:19Z","updatedDate":"2022-10-16T11:02:42Z","value":"desc"}],"hooks":[],"standardResourceName":"repositories","curated":{}}],"parameters":[{"vendorName":"Accept","vendorType":"header","name":"application/json","type":"value","description":"The Accept header","createdDate":"2022-10-16T01:45:19Z","updatedDate":"2022-10-16T01:46:41Z"},{"vendorName":"Content-Type","vendorType":"header","name":"application/json","type":"value","description":"The Content-Type header","createdDate":"2022-10-16T01:45:19Z","updatedDate":"2022-10-16T01:46:41Z"}],"hooks":[],"publishStatus":"PUBLISHED","latestVersion":"1.1.0","latestVersionDate":"2022-10-16T01:46:41Z","applicationName":"githubsearchviewer","vendorName":"github","active":true,"beta":false,"bulkDownloadEnabled":false,"bulkUploadEnabled":false,"childTransformationsEnabled":false,"cloneable":true,"displayOrder":100,"elementMetadata":{"image":"./images/connector-logo.svg","displayOrder":100,"active":true,"description":"GitHub-Serach-Viewer","eventTypes":["polling"],"hasSandboxWarnings":false,"paginationMetadata":{},"authenticationTypes":["none"],"hub":"general","discovery":{"nativeObjectDiscovery":false,"crudsSupport":false,"nativeObjectMetadataDiscovery":false,"objectDiscoverySupport":false,"vendorSupportCustomFieldsDiscovery":false,"supportCustomFieldsDiscovery":false},"captured":false,"name":"GitHub-Search-Viewer","pollingResources":["events"],"api":{"version":"","vendorLatestVersion":"","vendorSupportUrl":"","type":"rest json","vendorSupportWebhooks":false,"vendorDocumentationUrl":"","contentType":"application/json"},"extendable":true,"bulk":{"upload":false,"ceSupportNativeBulkUpload":false,"vendorSupportNativeBulkDownload":false,"download":false,"ceSupportNativeBulkDownload":false,"vendorSupportNativeBulkUpload":false},"beta":false,"key":"designmyoshidan-github-githubsearchviewer"},"extendable":true,"extended":false,"hub":"general","logo":"./images/connector-logo.svg","oauthRefreshTokenRefreshInterval":0,"objects":[],"paginatorVersion":"v3","transformationEnabled":false,"trialAccount":false,"typeOauth":false,"useModelsForMetadata":false,"dirty":false}