{"name":"repositories","path":"/repositories","elementKey":"designmyoshidan-github-githubsearchviewer","displayName":"Repositories","section":"","category":"","type":"standard","subType":"standard","custom":"no","deleted":false,"createdDate":"2022-10-16T01:45:19Z","updatedDate":"2022-10-16T11:02:42Z","metadata":{"method":{"GET":{"path":"/repositories","method":"GET","description":"Search for Search repositories","operationId":"getRepositories","operation":"List","parameters":[{"name":"page","type":"query","description":"The page number of resources to retrieve","required":false,"dataType":"integer"},{"name":"sort","type":"query","description":"sort","required":true,"dataType":"string"},{"name":"q","type":"query","description":"query sring","required":true,"dataType":"string"},{"name":"order","type":"query","description":"sort order","required":true,"dataType":"string"}]}}},"fields":{"items[*].is_template":{"method":{"GET":{"response":true,"name":"GET"}},"displayName":"Items is template","nativeType":"boolean","custom":"no","name":"items[*].is_template","description":"The Items is template","type":"boolean","sampleValue":false},"allow_forking":{"method":{"GET":{"response":true,"name":"GET"}},"displayName":"Allow forking","nativeType":"boolean","custom":"no","name":"allow_forking","description":"The Allow forking","type":"boolean","sampleValue":true},"items[*].forks_count":{"method":{"GET":{"response":true,"name":"GET"}},"displayName":"Items forks count","nativeType":"integer","custom":"no","name":"items[*].forks_count","format":"int64","description":"The Items forks count","type":"integer","sampleValue":55},"items[*].hooks_url":{"method":{"GET":{"response":true,"name":"GET"}},"displayName":"Items hooks url","nativeType":"string","custom":"no","name":"items[*].hooks_url","description":"The Items hooks url","type":"string","sampleValue":"https://api.github.com/repos/SharathRaju489/UiPath/hooks"},"items[*].releases_url":{"method":{"GET":{"response":true,"name":"GET"}},"displayName":"Items releases url","nativeType":"string","custom":"no","name":"items[*].releases_url","description":"The Items releases url","type":"string","sampleValue":"https://api.github.com/repos/SharathRaju489/UiPath/releases{/id}"},"subscription_url":{"method":{"GET":{"response":true,"name":"GET"}},"displayName":"Subscription url","nativeType":"string","custom":"no","name":"subscription_url","description":"The Subscription url","type":"string","sampleValue":"https://api.github.com/repos/UiPath/CoreWF/subscription"},"items[*].owner.organizations_url":{"method":{"GET":{"response":true,"name":"GET"}},"displayName":"Items owner organizations url","nativeType":"string","custom":"no","name":"items[*].owner.organizations_url","description":"The Items owner organizations url","type":"string","sampleValue":"https://api.github.com/users/SharathRaju489/orgs"},"branches_url":{"method":{"GET":{"response":true,"name":"GET"}},"displayName":"Branches url","nativeType":"string","custom":"no","name":"branches_url","description":"The Branches url","type":"string","sampleValue":"https://api.github.com/repos/UiPath/CoreWF/branches{/branch}"},"issue_comment_url":{"method":{"GET":{"response":true,"name":"GET"}},"displayName":"Issue comment url","nativeType":"string","custom":"no","name":"issue_comment_url","description":"The Issue comment url","type":"string","sampleValue":"https://api.github.com/repos/UiPath/CoreWF/issues/comments{/number}"},"items[*].owner.node_id":{"method":{"GET":{"response":true,"name":"GET"}},"displayName":"Items owner node ID","nativeType":"string","custom":"no","name":"items[*].owner.node_id","description":"The Items owner node ID","type":"string","sampleValue":"MDQ6VXNlcjUwNDg1MTA1"},"owner.type":{"method":{"GET":{"response":true,"name":"GET"}},"displayName":"Owner type","nativeType":"string","custom":"no","name":"owner.type","description":"The Owner type","type":"string","sampleValue":"Organization"},"score":{"method":{"GET":{"response":true,"name":"GET"}},"displayName":"Score","nativeType":"integer","custom":"no","name":"score","format":"int64","description":"The Score","type":"integer","sampleValue":1},"items[*].watchers":{"method":{"GET":{"response":true,"name":"GET"}},"displayName":"Items watchers","nativeType":"integer","custom":"no","name":"items[*].watchers","format":"int64","description":"The Items watchers","type":"integer","sampleValue":66},"subscribers_url":{"method":{"GET":{"response":true,"name":"GET"}},"displayName":"Subscribers url","nativeType":"string","custom":"no","name":"subscribers_url","description":"The Subscribers url","type":"string","sampleValue":"https://api.github.com/repos/UiPath/CoreWF/subscribers"},"owner.following_url":{"method":{"GET":{"response":true,"name":"GET"}},"displayName":"Owner following url","nativeType":"string","custom":"no","name":"owner.following_url","description":"The Owner following url","type":"string","sampleValue":"https://api.github.com/users/UiPath/following{/other_user}"},"owner.id":{"method":{"GET":{"response":true,"name":"GET"}},"displayName":"Owner ID","nativeType":"integer","custom":"no","name":"owner.id","format":"int64","description":"The Owner ID","type":"integer","sampleValue":375663},"items[*].git_refs_url":{"method":{"GET":{"response":true,"name":"GET"}},"displayName":"Items git refs url","nativeType":"string","custom":"no","name":"items[*].git_refs_url","description":"The Items git refs url","type":"string","sampleValue":"https://api.github.com/repos/SharathRaju489/UiPath/git/refs{/sha}"},"releases_url":{"method":{"GET":{"response":true,"name":"GET"}},"displayName":"Releases url","nativeType":"string","custom":"no","name":"releases_url","description":"The Releases url","type":"string","sampleValue":"https://api.github.com/repos/UiPath/CoreWF/releases{/id}"},"items[*].branches_url":{"method":{"GET":{"response":true,"name":"GET"}},"displayName":"Items branches url","nativeType":"string","custom":"no","name":"items[*].branches_url","description":"The Items branches url","type":"string","sampleValue":"https://api.github.com/repos/SharathRaju489/UiPath/branches{/branch}"},"items[*].stargazers_url":{"method":{"GET":{"response":true,"name":"GET"}},"displayName":"Items stargazers url","nativeType":"string","custom":"no","name":"items[*].stargazers_url","description":"The Items stargazers url","type":"string","sampleValue":"https://api.github.com/repos/SharathRaju489/UiPath/stargazers"},"items[*].size":{"method":{"GET":{"response":true,"name":"GET"}},"displayName":"Items size","nativeType":"integer","custom":"no","name":"items[*].size","format":"int64","description":"The Items size","type":"integer","sampleValue":10207},"id":{"method":{"GET":{"response":true,"name":"GET"}},"displayName":"ID","nativeType":"integer","custom":"no","name":"id","format":"int64","description":"The ID","type":"integer","sampleValue":66589457},"items[*].owner.type":{"method":{"GET":{"response":true,"name":"GET"}},"displayName":"Items owner type","nativeType":"string","custom":"no","name":"items[*].owner.type","description":"The Items owner type","type":"string","sampleValue":"User"},"forks":{"method":{"GET":{"response":true,"name":"GET"}},"displayName":"Forks","nativeType":"integer","custom":"no","name":"forks","format":"int64","description":"The Forks","type":"integer","sampleValue":195},"owner.subscriptions_url":{"method":{"GET":{"response":true,"name":"GET"}},"displayName":"Owner subscriptions url","nativeType":"string","custom":"no","name":"owner.subscriptions_url","description":"The Owner subscriptions url","type":"string","sampleValue":"https://api.github.com/users/UiPath/subscriptions"},"items[*].compare_url":{"method":{"GET":{"response":true,"name":"GET"}},"displayName":"Items compare url","nativeType":"string","custom":"no","name":"items[*].compare_url","description":"The Items compare url","type":"string","sampleValue":"https://api.github.com/repos/SharathRaju489/UiPath/compare/{base}...{head}"},"git_refs_url":{"method":{"GET":{"response":true,"name":"GET"}},"displayName":"Git refs url","nativeType":"string","custom":"no","name":"git_refs_url","description":"The Git refs url","type":"string","sampleValue":"https://api.github.com/repos/UiPath/CoreWF/git/refs{/sha}"},"items[*].tags_url":{"method":{"GET":{"response":true,"name":"GET"}},"displayName":"Items tags url","nativeType":"string","custom":"no","name":"items[*].tags_url","description":"The Items tags url","type":"string","sampleValue":"https://api.github.com/repos/SharathRaju489/UiPath/tags"},"ssh_url":{"method":{"GET":{"response":true,"name":"GET"}},"displayName":"Ssh url","nativeType":"string","custom":"no","name":"ssh_url","description":"The Ssh url","type":"string","sampleValue":"git@github.com:UiPath/CoreWF.git"},"owner.gists_url":{"method":{"GET":{"response":true,"name":"GET"}},"displayName":"Owner gists url","nativeType":"string","custom":"no","name":"owner.gists_url","description":"The Owner gists url","type":"string","sampleValue":"https://api.github.com/users/UiPath/gists{/gist_id}"},"owner.received_events_url":{"method":{"GET":{"response":true,"name":"GET"}},"displayName":"Owner received events url","nativeType":"string","custom":"no","name":"owner.received_events_url","description":"The Owner received events url","type":"string","sampleValue":"https://api.github.com/users/UiPath/received_events"},"items[*].has_issues":{"method":{"GET":{"response":true,"name":"GET"}},"displayName":"Items has issues","nativeType":"boolean","custom":"no","name":"items[*].has_issues","description":"The Items has issues","type":"boolean","sampleValue":true},"items[*].web_commit_signoff_required":{"method":{"GET":{"response":true,"name":"GET"}},"displayName":"Items web commit signoff required","nativeType":"boolean","custom":"no","name":"items[*].web_commit_signoff_required","description":"The Items web commit signoff required","type":"boolean","sampleValue":false},"items[*].owner.subscriptions_url":{"method":{"GET":{"response":true,"name":"GET"}},"displayName":"Items owner subscriptions url","nativeType":"string","custom":"no","name":"items[*].owner.subscriptions_url","description":"The Items owner subscriptions url","type":"string","sampleValue":"https://api.github.com/users/SharathRaju489/subscriptions"},"items[*].owner.gists_url":{"method":{"GET":{"response":true,"name":"GET"}},"displayName":"Items owner gists url","nativeType":"string","custom":"no","name":"items[*].owner.gists_url","description":"The Items owner gists url","type":"string","sampleValue":"https://api.github.com/users/SharathRaju489/gists{/gist_id}"},"full_name":{"method":{"GET":{"response":true,"name":"GET"}},"displayName":"Full name","nativeType":"string","custom":"no","name":"full_name","description":"The Full name","type":"string","sampleValue":"UiPath/CoreWF"},"owner.starred_url":{"method":{"GET":{"response":true,"name":"GET"}},"displayName":"Owner starred url","nativeType":"string","custom":"no","name":"owner.starred_url","description":"The Owner starred url","type":"string","sampleValue":"https://api.github.com/users/UiPath/starred{/owner}{/repo}"},"size":{"method":{"GET":{"response":true,"name":"GET"}},"displayName":"Size","nativeType":"integer","custom":"no","name":"size","format":"int64","description":"The Size","type":"integer","sampleValue":7771},"languages_url":{"method":{"GET":{"response":true,"name":"GET"}},"displayName":"Languages url","nativeType":"string","custom":"no","name":"languages_url","description":"The Languages url","type":"string","sampleValue":"https://api.github.com/repos/UiPath/CoreWF/languages"},"html_url":{"method":{"GET":{"response":true,"name":"GET"}},"displayName":"Html url","nativeType":"string","custom":"no","name":"html_url","description":"The Html url","type":"string","sampleValue":"https://github.com/UiPath/CoreWF"},"collaborators_url":{"method":{"GET":{"response":true,"name":"GET"}},"displayName":"Collaborators url","nativeType":"string","custom":"no","name":"collaborators_url","description":"The Collaborators url","type":"string","sampleValue":"https://api.github.com/repos/UiPath/CoreWF/collaborators{/collaborator}"},"clone_url":{"method":{"GET":{"response":true,"name":"GET"}},"displayName":"Clone url","nativeType":"string","custom":"no","name":"clone_url","description":"The Clone url","type":"string","sampleValue":"https://github.com/UiPath/CoreWF.git"},"owner.html_url":{"method":{"GET":{"response":true,"name":"GET"}},"displayName":"Owner html url","nativeType":"string","custom":"no","name":"owner.html_url","description":"The Owner html url","type":"string","sampleValue":"https://github.com/UiPath"},"items[*].contents_url":{"method":{"GET":{"response":true,"name":"GET"}},"displayName":"Items contents url","nativeType":"string","custom":"no","name":"items[*].contents_url","description":"The Items contents url","type":"string","sampleValue":"https://api.github.com/repos/SharathRaju489/UiPath/contents/{+path}"},"items[*].owner.html_url":{"method":{"GET":{"response":true,"name":"GET"}},"displayName":"Items owner html url","nativeType":"string","custom":"no","name":"items[*].owner.html_url","description":"The Items owner html url","type":"string","sampleValue":"https://github.com/SharathRaju489"},"items[*].teams_url":{"method":{"GET":{"response":true,"name":"GET"}},"displayName":"Items teams url","nativeType":"string","custom":"no","name":"items[*].teams_url","description":"The Items teams url","type":"string","sampleValue":"https://api.github.com/repos/SharathRaju489/UiPath/teams"},"default_branch":{"method":{"GET":{"response":true,"name":"GET"}},"displayName":"Default branch","nativeType":"string","custom":"no","name":"default_branch","description":"The Default branch","type":"string","sampleValue":"develop"},"items[*].default_branch":{"method":{"GET":{"response":true,"name":"GET"}},"displayName":"Items default branch","nativeType":"string","custom":"no","name":"items[*].default_branch","description":"The Items default branch","type":"string","sampleValue":"master"},"items[*].owner.received_events_url":{"method":{"GET":{"response":true,"name":"GET"}},"displayName":"Items owner received events url","nativeType":"string","custom":"no","name":"items[*].owner.received_events_url","description":"The Items owner received events url","type":"string","sampleValue":"https://api.github.com/users/SharathRaju489/received_events"},"hooks_url":{"method":{"GET":{"response":true,"name":"GET"}},"displayName":"Hooks url","nativeType":"string","custom":"no","name":"hooks_url","description":"The Hooks url","type":"string","sampleValue":"https://api.github.com/repos/UiPath/CoreWF/hooks"},"trees_url":{"method":{"GET":{"response":true,"name":"GET"}},"displayName":"Trees url","nativeType":"string","custom":"no","name":"trees_url","description":"The Trees url","type":"string","sampleValue":"https://api.github.com/repos/UiPath/CoreWF/git/trees{/sha}"},"items[*].commits_url":{"method":{"GET":{"response":true,"name":"GET"}},"displayName":"Items commits url","nativeType":"string","custom":"no","name":"items[*].commits_url","description":"The Items commits url","type":"string","sampleValue":"https://api.github.com/repos/SharathRaju489/UiPath/commits{/sha}"},"has_downloads":{"method":{"GET":{"response":true,"name":"GET"}},"displayName":"Has downloads","nativeType":"boolean","custom":"no","name":"has_downloads","description":"The Has downloads","type":"boolean","sampleValue":true},"items[*].has_projects":{"method":{"GET":{"response":true,"name":"GET"}},"displayName":"Items has projects","nativeType":"boolean","custom":"no","name":"items[*].has_projects","description":"The Items has projects","type":"boolean","sampleValue":true},"items[*].trees_url":{"method":{"GET":{"response":true,"name":"GET"}},"displayName":"Items trees url","nativeType":"string","custom":"no","name":"items[*].trees_url","description":"The Items trees url","type":"string","sampleValue":"https://api.github.com/repos/SharathRaju489/UiPath/git/trees{/sha}"},"items[*].description":{"method":{"GET":{"response":true,"name":"GET"}},"displayName":"Items description","nativeType":"string","custom":"no","name":"items[*].description","description":"The Items description","type":"string","sampleValue":"UiPath Examples"},"items[*].score":{"method":{"GET":{"response":true,"name":"GET"}},"displayName":"Items score","nativeType":"integer","custom":"no","name":"items[*].score","format":"int64","description":"The Items score","type":"integer","sampleValue":1},"owner.url":{"method":{"GET":{"response":true,"name":"GET"}},"displayName":"Owner url","nativeType":"string","custom":"no","name":"owner.url","description":"The Owner url","type":"string","sampleValue":"https://api.github.com/users/UiPath"},"owner.events_url":{"method":{"GET":{"response":true,"name":"GET"}},"displayName":"Owner events url","nativeType":"string","custom":"no","name":"owner.events_url","description":"The Owner events url","type":"string","sampleValue":"https://api.github.com/users/UiPath/events{/privacy}"},"created_at":{"method":{"GET":{"response":true,"name":"GET"}},"displayName":"Created at","nativeType":"string","custom":"no","name":"created_at","format":"date-time","description":"The Created at","type":"string","sampleValue":"2016-08-25T20:07:20Z","mask":"yyyy-MM-dd'T'HH:mm:ssZ"},"watchers":{"method":{"GET":{"response":true,"name":"GET"}},"displayName":"Watchers","nativeType":"integer","custom":"no","name":"watchers","format":"int64","description":"The Watchers","type":"integer","sampleValue":956},"items[*].html_url":{"method":{"GET":{"response":true,"name":"GET"}},"displayName":"Items html url","nativeType":"string","custom":"no","name":"items[*].html_url","description":"The Items html url","type":"string","sampleValue":"https://github.com/SharathRaju489/UiPath"},"keys_url":{"method":{"GET":{"response":true,"name":"GET"}},"displayName":"Keys url","nativeType":"string","custom":"no","name":"keys_url","description":"The Keys url","type":"string","sampleValue":"https://api.github.com/repos/UiPath/CoreWF/keys{/key_id}"},"deployments_url":{"method":{"GET":{"response":true,"name":"GET"}},"displayName":"Deployments url","nativeType":"string","custom":"no","name":"deployments_url","description":"The Deployments url","type":"string","sampleValue":"https://api.github.com/repos/UiPath/CoreWF/deployments"},"items[*].owner.gravatar_id":{"method":{"GET":{"response":true,"name":"GET"}},"displayName":"Items owner gravatar ID","nativeType":"string","custom":"no","name":"items[*].owner.gravatar_id","description":"The Items owner gravatar ID","type":"string","sampleValue":""},"archived":{"method":{"GET":{"response":true,"name":"GET"}},"displayName":"Archived","nativeType":"boolean","custom":"no","name":"archived","description":"The Archived","type":"boolean","sampleValue":false},"items[*].forks":{"method":{"GET":{"response":true,"name":"GET"}},"displayName":"Items forks","nativeType":"integer","custom":"no","name":"items[*].forks","format":"int64","description":"The Items forks","type":"integer","sampleValue":55},"items[*].statuses_url":{"method":{"GET":{"response":true,"name":"GET"}},"displayName":"Items statuses url","nativeType":"string","custom":"no","name":"items[*].statuses_url","description":"The Items statuses url","type":"string","sampleValue":"https://api.github.com/repos/SharathRaju489/UiPath/statuses/{sha}"},"has_wiki":{"method":{"GET":{"response":true,"name":"GET"}},"displayName":"Has wiki","nativeType":"boolean","custom":"no","name":"has_wiki","description":"The Has wiki","type":"boolean","sampleValue":false},"updated_at":{"method":{"GET":{"response":true,"name":"GET"}},"displayName":"Updated at","nativeType":"string","custom":"no","name":"updated_at","format":"date-time","description":"The Updated at","type":"string","sampleValue":"2022-10-11T06:38:17Z","mask":"yyyy-MM-dd'T'HH:mm:ssZ"},"items[*].owner.login":{"method":{"GET":{"response":true,"name":"GET"}},"displayName":"Items owner login","nativeType":"string","custom":"no","name":"items[*].owner.login","description":"The Items owner login","type":"string","sampleValue":"SharathRaju489"},"items[*].has_pages":{"method":{"GET":{"response":true,"name":"GET"}},"displayName":"Items has pages","nativeType":"boolean","custom":"no","name":"items[*].has_pages","description":"The Items has pages","type":"boolean","sampleValue":false},"items[*].issue_events_url":{"method":{"GET":{"response":true,"name":"GET"}},"displayName":"Items issue events url","nativeType":"string","custom":"no","name":"items[*].issue_events_url","description":"The Items issue events url","type":"string","sampleValue":"https://api.github.com/repos/SharathRaju489/UiPath/issues/events{/number}"},"disabled":{"method":{"GET":{"response":true,"name":"GET"}},"displayName":"Disabled","nativeType":"boolean","custom":"no","name":"disabled","description":"The Disabled","type":"boolean","sampleValue":false},"items[*].has_downloads":{"method":{"GET":{"response":true,"name":"GET"}},"displayName":"Items has downloads","nativeType":"boolean","custom":"no","name":"items[*].has_downloads","description":"The Items has downloads","type":"boolean","sampleValue":true},"topics[*]":{"method":{"GET":{"response":true,"name":"GET"}},"displayName":"Topics","nativeType":"string","custom":"no","name":"topics[*]","description":"The Topics","type":"string","sampleValue":"workflows"},"compare_url":{"method":{"GET":{"response":true,"name":"GET"}},"displayName":"Compare url","nativeType":"string","custom":"no","name":"compare_url","description":"The Compare url","type":"string","sampleValue":"https://api.github.com/repos/UiPath/CoreWF/compare/{base}...{head}"},"git_commits_url":{"method":{"GET":{"response":true,"name":"GET"}},"displayName":"Git commits url","nativeType":"string","custom":"no","name":"git_commits_url","description":"The Git commits url","type":"string","sampleValue":"https://api.github.com/repos/UiPath/CoreWF/git/commits{/sha}"},"owner.repos_url":{"method":{"GET":{"response":true,"name":"GET"}},"displayName":"Owner repos url","nativeType":"string","custom":"no","name":"owner.repos_url","description":"The Owner repos url","type":"string","sampleValue":"https://api.github.com/users/UiPath/repos"},"git_tags_url":{"method":{"GET":{"response":true,"name":"GET"}},"displayName":"Git tags url","nativeType":"string","custom":"no","name":"git_tags_url","description":"The Git tags url","type":"string","sampleValue":"https://api.github.com/repos/UiPath/CoreWF/git/tags{/sha}"},"items[*].archive_url":{"method":{"GET":{"response":true,"name":"GET"}},"displayName":"Items archive url","nativeType":"string","custom":"no","name":"items[*].archive_url","description":"The Items archive url","type":"string","sampleValue":"https://api.github.com/repos/SharathRaju489/UiPath/{archive_format}{/ref}"},"merges_url":{"method":{"GET":{"response":true,"name":"GET"}},"displayName":"Merges url","nativeType":"string","custom":"no","name":"merges_url","description":"The Merges url","type":"string","sampleValue":"https://api.github.com/repos/UiPath/CoreWF/merges"},"items[*].forks_url":{"method":{"GET":{"response":true,"name":"GET"}},"displayName":"Items forks url","nativeType":"string","custom":"no","name":"items[*].forks_url","description":"The Items forks url","type":"string","sampleValue":"https://api.github.com/repos/SharathRaju489/UiPath/forks"},"items[*].comments_url":{"method":{"GET":{"response":true,"name":"GET"}},"displayName":"Items comments url","nativeType":"string","custom":"no","name":"items[*].comments_url","description":"The Items comments url","type":"string","sampleValue":"https://api.github.com/repos/SharathRaju489/UiPath/comments{/number}"},"items[*].owner.avatar_url":{"method":{"GET":{"response":true,"name":"GET"}},"displayName":"Items owner avatar url","nativeType":"string","custom":"no","name":"items[*].owner.avatar_url","description":"The Items owner avatar url","type":"string","sampleValue":"https://avatars.githubusercontent.com/u/50485105?v=4"},"url":{"method":{"GET":{"response":true,"name":"GET"}},"displayName":"Url","nativeType":"string","custom":"no","name":"url","description":"The Url","type":"string","sampleValue":"https://api.github.com/repos/UiPath/CoreWF"},"contents_url":{"method":{"GET":{"response":true,"name":"GET"}},"displayName":"Contents url","nativeType":"string","custom":"no","name":"contents_url","description":"The Contents url","type":"string","sampleValue":"https://api.github.com/repos/UiPath/CoreWF/contents/{+path}"},"items[*].contributors_url":{"method":{"GET":{"response":true,"name":"GET"}},"displayName":"Items contributors url","nativeType":"string","custom":"no","name":"items[*].contributors_url","description":"The Items contributors url","type":"string","sampleValue":"https://api.github.com/repos/SharathRaju489/UiPath/contributors"},"license.name":{"method":{"GET":{"response":true,"name":"GET"}},"displayName":"License name","nativeType":"string","custom":"no","name":"license.name","description":"The License name","type":"string","sampleValue":"MIT License"},"items[*].keys_url":{"method":{"GET":{"response":true,"name":"GET"}},"displayName":"Items keys url","nativeType":"string","custom":"no","name":"items[*].keys_url","description":"The Items keys url","type":"string","sampleValue":"https://api.github.com/repos/SharathRaju489/UiPath/keys{/key_id}"},"items[*].milestones_url":{"method":{"GET":{"response":true,"name":"GET"}},"displayName":"Items milestones url","nativeType":"string","custom":"no","name":"items[*].milestones_url","description":"The Items milestones url","type":"string","sampleValue":"https://api.github.com/repos/SharathRaju489/UiPath/milestones{/number}"},"items[*].owner.url":{"method":{"GET":{"response":true,"name":"GET"}},"displayName":"Items owner url","nativeType":"string","custom":"no","name":"items[*].owner.url","description":"The Items owner url","type":"string","sampleValue":"https://api.github.com/users/SharathRaju489"},"owner.organizations_url":{"method":{"GET":{"response":true,"name":"GET"}},"displayName":"Owner organizations url","nativeType":"string","custom":"no","name":"owner.organizations_url","description":"The Owner organizations url","type":"string","sampleValue":"https://api.github.com/users/UiPath/orgs"},"issues_url":{"method":{"GET":{"response":true,"name":"GET"}},"displayName":"Issues url","nativeType":"string","custom":"no","name":"issues_url","description":"The Issues url","type":"string","sampleValue":"https://api.github.com/repos/UiPath/CoreWF/issues{/number}"},"items[*].disabled":{"method":{"GET":{"response":true,"name":"GET"}},"displayName":"Items disabled","nativeType":"boolean","custom":"no","name":"items[*].disabled","description":"The Items disabled","type":"boolean","sampleValue":false},"items[*].archived":{"method":{"GET":{"response":true,"name":"GET"}},"displayName":"Items archived","nativeType":"boolean","custom":"no","name":"items[*].archived","description":"The Items archived","type":"boolean","sampleValue":false},"assignees_url":{"method":{"GET":{"response":true,"name":"GET"}},"displayName":"Assignees url","nativeType":"string","custom":"no","name":"assignees_url","description":"The Assignees url","type":"string","sampleValue":"https://api.github.com/repos/UiPath/CoreWF/assignees{/user}"},"open_issues":{"method":{"GET":{"response":true,"name":"GET"}},"displayName":"Open issues","nativeType":"integer","custom":"no","name":"open_issues","format":"int64","description":"The Open issues","type":"integer","sampleValue":7},"items[*].watchers_count":{"method":{"GET":{"response":true,"name":"GET"}},"displayName":"Items watchers count","nativeType":"integer","custom":"no","name":"items[*].watchers_count","format":"int64","description":"The Items watchers count","type":"integer","sampleValue":66},"items[*].has_wiki":{"method":{"GET":{"response":true,"name":"GET"}},"displayName":"Items has wiki","nativeType":"boolean","custom":"no","name":"items[*].has_wiki","description":"The Items has wiki","type":"boolean","sampleValue":true},"node_id":{"method":{"GET":{"response":true,"name":"GET"}},"displayName":"Node ID","nativeType":"string","custom":"no","name":"node_id","description":"The Node ID","type":"string","sampleValue":"MDEwOlJlcG9zaXRvcnk2NjU4OTQ1Nw=="},"items[*].git_url":{"method":{"GET":{"response":true,"name":"GET"}},"displayName":"Items git url","nativeType":"string","custom":"no","name":"items[*].git_url","description":"The Items git url","type":"string","sampleValue":"git://github.com/SharathRaju489/UiPath.git"},"stargazers_count":{"method":{"GET":{"response":true,"name":"GET"}},"displayName":"Stargazers count","nativeType":"integer","custom":"no","name":"stargazers_count","format":"int64","description":"The Stargazers count","type":"integer","sampleValue":956},"is_template":{"method":{"GET":{"response":true,"name":"GET"}},"displayName":"Is template","nativeType":"boolean","custom":"no","name":"is_template","description":"The Is template","type":"boolean","sampleValue":false},"pushed_at":{"method":{"GET":{"response":true,"name":"GET"}},"displayName":"Pushed at","nativeType":"string","custom":"no","name":"pushed_at","description":"The Pushed at","type":"string","sampleValue":"2022-10-12T15:54:08Z"},"items[*].events_url":{"method":{"GET":{"response":true,"name":"GET"}},"displayName":"Items events url","nativeType":"string","custom":"no","name":"items[*].events_url","description":"The Items events url","type":"string","sampleValue":"https://api.github.com/repos/SharathRaju489/UiPath/events"},"language":{"method":{"GET":{"response":true,"name":"GET"}},"displayName":"Language","nativeType":"string","custom":"no","name":"language","description":"The Language","type":"string","sampleValue":"C#"},"items[*].ssh_url":{"method":{"GET":{"response":true,"name":"GET"}},"displayName":"Items ssh url","nativeType":"string","custom":"no","name":"items[*].ssh_url","description":"The Items ssh url","type":"string","sampleValue":"git@github.com:SharathRaju489/UiPath.git"},"items[*].deployments_url":{"method":{"GET":{"response":true,"name":"GET"}},"displayName":"Items deployments url","nativeType":"string","custom":"no","name":"items[*].deployments_url","description":"The Items deployments url","type":"string","sampleValue":"https://api.github.com/repos/SharathRaju489/UiPath/deployments"},"license.key":{"method":{"GET":{"response":true,"name":"GET"}},"displayName":"License key","nativeType":"string","custom":"no","name":"license.key","description":"The License key","type":"string","sampleValue":"mit"},"items[*].issue_comment_url":{"method":{"GET":{"response":true,"name":"GET"}},"displayName":"Items issue comment url","nativeType":"string","custom":"no","name":"items[*].issue_comment_url","description":"The Items issue comment url","type":"string","sampleValue":"https://api.github.com/repos/SharathRaju489/UiPath/issues/comments{/number}"},"owner.site_admin":{"method":{"GET":{"response":true,"name":"GET"}},"displayName":"Owner site admin","nativeType":"boolean","custom":"no","name":"owner.site_admin","description":"The Owner site admin","type":"boolean","sampleValue":false},"labels_url":{"method":{"GET":{"response":true,"name":"GET"}},"displayName":"Labels url","nativeType":"string","custom":"no","name":"labels_url","description":"The Labels url","type":"string","sampleValue":"https://api.github.com/repos/UiPath/CoreWF/labels{/name}"},"items[*].name":{"method":{"GET":{"response":true,"name":"GET"}},"displayName":"Items name","nativeType":"string","custom":"no","name":"items[*].name","description":"The Items name","type":"string","sampleValue":"UiPath"},"items[*].allow_forking":{"method":{"GET":{"response":true,"name":"GET"}},"displayName":"Items allow forking","nativeType":"boolean","custom":"no","name":"items[*].allow_forking","description":"The Items allow forking","type":"boolean","sampleValue":true},"items[*].downloads_url":{"method":{"GET":{"response":true,"name":"GET"}},"displayName":"Items downloads url","nativeType":"string","custom":"no","name":"items[*].downloads_url","description":"The Items downloads url","type":"string","sampleValue":"https://api.github.com/repos/SharathRaju489/UiPath/downloads"},"svn_url":{"method":{"GET":{"response":true,"name":"GET"}},"displayName":"Svn url","nativeType":"string","custom":"no","name":"svn_url","description":"The Svn url","type":"string","sampleValue":"https://github.com/UiPath/CoreWF"},"incomplete_results":{"method":{"GET":{"response":true,"name":"GET"}},"displayName":"Incomplete results","nativeType":"boolean","custom":"no","name":"incomplete_results","description":"The Incomplete results","type":"boolean","sampleValue":false},"items[*].id":{"method":{"GET":{"response":true,"name":"GET"}},"displayName":"Items ID","nativeType":"integer","custom":"no","name":"items[*].id","format":"int64","description":"The Items ID","type":"integer","sampleValue":185970205},"items[*].git_tags_url":{"method":{"GET":{"response":true,"name":"GET"}},"displayName":"Items git tags url","nativeType":"string","custom":"no","name":"items[*].git_tags_url","description":"The Items git tags url","type":"string","sampleValue":"https://api.github.com/repos/SharathRaju489/UiPath/git/tags{/sha}"},"items[*].private":{"method":{"GET":{"response":true,"name":"GET"}},"displayName":"Items private","nativeType":"boolean","custom":"no","name":"items[*].private","description":"The Items private","type":"boolean","sampleValue":false},"archive_url":{"method":{"GET":{"response":true,"name":"GET"}},"displayName":"Archive url","nativeType":"string","custom":"no","name":"archive_url","description":"The Archive url","type":"string","sampleValue":"https://api.github.com/repos/UiPath/CoreWF/{archive_format}{/ref}"},"items[*].stargazers_count":{"method":{"GET":{"response":true,"name":"GET"}},"displayName":"Items stargazers count","nativeType":"integer","custom":"no","name":"items[*].stargazers_count","format":"int64","description":"The Items stargazers count","type":"integer","sampleValue":66},"forks_url":{"method":{"GET":{"response":true,"name":"GET"}},"displayName":"Forks url","nativeType":"string","custom":"no","name":"forks_url","description":"The Forks url","type":"string","sampleValue":"https://api.github.com/repos/UiPath/CoreWF/forks"},"visibility":{"method":{"GET":{"response":true,"name":"GET"}},"displayName":"Visibility","nativeType":"string","custom":"no","name":"visibility","description":"The Visibility","type":"string","sampleValue":"public"},"owner.node_id":{"method":{"GET":{"response":true,"name":"GET"}},"displayName":"Owner node ID","nativeType":"string","custom":"no","name":"owner.node_id","description":"The Owner node ID","type":"string","sampleValue":"MDEyOk9yZ2FuaXphdGlvbjM3NTY2Mw=="},"statuses_url":{"method":{"GET":{"response":true,"name":"GET"}},"displayName":"Statuses url","nativeType":"string","custom":"no","name":"statuses_url","description":"The Statuses url","type":"string","sampleValue":"https://api.github.com/repos/UiPath/CoreWF/statuses/{sha}"},"items[*].merges_url":{"method":{"GET":{"response":true,"name":"GET"}},"displayName":"Items merges url","nativeType":"string","custom":"no","name":"items[*].merges_url","description":"The Items merges url","type":"string","sampleValue":"https://api.github.com/repos/SharathRaju489/UiPath/merges"},"items[*].owner.following_url":{"method":{"GET":{"response":true,"name":"GET"}},"displayName":"Items owner following url","nativeType":"string","custom":"no","name":"items[*].owner.following_url","description":"The Items owner following url","type":"string","sampleValue":"https://api.github.com/users/SharathRaju489/following{/other_user}"},"items[*].owner.site_admin":{"method":{"GET":{"response":true,"name":"GET"}},"displayName":"Items owner site admin","nativeType":"boolean","custom":"no","name":"items[*].owner.site_admin","description":"The Items owner site admin","type":"boolean","sampleValue":false},"items[*].assignees_url":{"method":{"GET":{"response":true,"name":"GET"}},"displayName":"Items assignees url","nativeType":"string","custom":"no","name":"items[*].assignees_url","description":"The Items assignees url","type":"string","sampleValue":"https://api.github.com/repos/SharathRaju489/UiPath/assignees{/user}"},"items[*].labels_url":{"method":{"GET":{"response":true,"name":"GET"}},"displayName":"Items labels url","nativeType":"string","custom":"no","name":"items[*].labels_url","description":"The Items labels url","type":"string","sampleValue":"https://api.github.com/repos/SharathRaju489/UiPath/labels{/name}"},"items[*].blobs_url":{"method":{"GET":{"response":true,"name":"GET"}},"displayName":"Items blobs url","nativeType":"string","custom":"no","name":"items[*].blobs_url","description":"The Items blobs url","type":"string","sampleValue":"https://api.github.com/repos/SharathRaju489/UiPath/git/blobs{/sha}"},"items[*].owner.id":{"method":{"GET":{"response":true,"name":"GET"}},"displayName":"Items owner ID","nativeType":"integer","custom":"no","name":"items[*].owner.id","format":"int64","description":"The Items owner ID","type":"integer","sampleValue":50485105},"items[*].url":{"method":{"GET":{"response":true,"name":"GET"}},"displayName":"Items url","nativeType":"string","custom":"no","name":"items[*].url","description":"The Items url","type":"string","sampleValue":"https://api.github.com/repos/SharathRaju489/UiPath"},"items[*].issues_url":{"method":{"GET":{"response":true,"name":"GET"}},"displayName":"Items issues url","nativeType":"string","custom":"no","name":"items[*].issues_url","description":"The Items issues url","type":"string","sampleValue":"https://api.github.com/repos/SharathRaju489/UiPath/issues{/number}"},"items[*].open_issues":{"method":{"GET":{"response":true,"name":"GET"}},"displayName":"Items open issues","nativeType":"integer","custom":"no","name":"items[*].open_issues","format":"int64","description":"The Items open issues","type":"integer","sampleValue":1},"name":{"method":{"GET":{"response":true,"name":"GET"}},"displayName":"Name","nativeType":"string","custom":"no","name":"name","description":"The Name","type":"string","sampleValue":"CoreWF"},"pulls_url":{"method":{"GET":{"response":true,"name":"GET"}},"displayName":"Pulls url","nativeType":"string","custom":"no","name":"pulls_url","description":"The Pulls url","type":"string","sampleValue":"https://api.github.com/repos/UiPath/CoreWF/pulls{/number}"},"items[*].pushed_at":{"method":{"GET":{"response":true,"name":"GET"}},"displayName":"Items pushed at","nativeType":"string","custom":"no","name":"items[*].pushed_at","description":"The Items pushed at","type":"string","sampleValue":"2020-08-27T04:24:26Z"},"tags_url":{"method":{"GET":{"response":true,"name":"GET"}},"displayName":"Tags url","nativeType":"string","custom":"no","name":"tags_url","description":"The Tags url","type":"string","sampleValue":"https://api.github.com/repos/UiPath/CoreWF/tags"},"license.node_id":{"method":{"GET":{"response":true,"name":"GET"}},"displayName":"License node ID","nativeType":"string","custom":"no","name":"license.node_id","description":"The License node ID","type":"string","sampleValue":"MDc6TGljZW5zZTEz"},"private":{"method":{"GET":{"response":true,"name":"GET"}},"displayName":"Private","nativeType":"boolean","custom":"no","name":"private","description":"The Private","type":"boolean","sampleValue":false},"contributors_url":{"method":{"GET":{"response":true,"name":"GET"}},"displayName":"Contributors url","nativeType":"string","custom":"no","name":"contributors_url","description":"The Contributors url","type":"string","sampleValue":"https://api.github.com/repos/UiPath/CoreWF/contributors"},"items[*].notifications_url":{"method":{"GET":{"response":true,"name":"GET"}},"displayName":"Items notifications url","nativeType":"string","custom":"no","name":"items[*].notifications_url","description":"The Items notifications url","type":"string","sampleValue":"https://api.github.com/repos/SharathRaju489/UiPath/notifications{?since,all,participating}"},"notifications_url":{"method":{"GET":{"response":true,"name":"GET"}},"displayName":"Notifications url","nativeType":"string","custom":"no","name":"notifications_url","description":"The Notifications url","type":"string","sampleValue":"https://api.github.com/repos/UiPath/CoreWF/notifications{?since,all,participating}"},"open_issues_count":{"method":{"GET":{"response":true,"name":"GET"}},"displayName":"Open issues count","nativeType":"integer","custom":"no","name":"open_issues_count","format":"int64","description":"The Open issues count","type":"integer","sampleValue":7},"owner.avatar_url":{"method":{"GET":{"response":true,"name":"GET"}},"displayName":"Owner avatar url","nativeType":"string","custom":"no","name":"owner.avatar_url","description":"The Owner avatar url","type":"string","sampleValue":"https://avatars.githubusercontent.com/u/375663?v=4"},"items[*].open_issues_count":{"method":{"GET":{"response":true,"name":"GET"}},"displayName":"Items open issues count","nativeType":"integer","custom":"no","name":"items[*].open_issues_count","format":"int64","description":"The Items open issues count","type":"integer","sampleValue":1},"description":{"method":{"GET":{"response":true,"name":"GET"}},"displayName":"Description","nativeType":"string","custom":"no","name":"description","description":"The Description","type":"string","sampleValue":"WF runtime ported to work on .NET 6"},"items[*].created_at":{"method":{"GET":{"response":true,"name":"GET"}},"displayName":"Items created at","nativeType":"string","custom":"no","name":"items[*].created_at","format":"date-time","description":"The Items created at","type":"string","sampleValue":"2019-05-10T10:36:56Z","mask":"yyyy-MM-dd'T'HH:mm:ssZ"},"items[*].clone_url":{"method":{"GET":{"response":true,"name":"GET"}},"displayName":"Items clone url","nativeType":"string","custom":"no","name":"items[*].clone_url","description":"The Items clone url","type":"string","sampleValue":"https://github.com/SharathRaju489/UiPath.git"},"items[*].owner.followers_url":{"method":{"GET":{"response":true,"name":"GET"}},"displayName":"Items owner followers url","nativeType":"string","custom":"no","name":"items[*].owner.followers_url","description":"The Items owner followers url","type":"string","sampleValue":"https://api.github.com/users/SharathRaju489/followers"},"has_projects":{"method":{"GET":{"response":true,"name":"GET"}},"displayName":"Has projects","nativeType":"boolean","custom":"no","name":"has_projects","description":"The Has projects","type":"boolean","sampleValue":false},"items[*].updated_at":{"method":{"GET":{"response":true,"name":"GET"}},"displayName":"Items updated at","nativeType":"string","custom":"no","name":"items[*].updated_at","format":"date-time","description":"The Items updated at","type":"string","sampleValue":"2022-10-13T06:42:23Z","mask":"yyyy-MM-dd'T'HH:mm:ssZ"},"items[*].node_id":{"method":{"GET":{"response":true,"name":"GET"}},"displayName":"Items node ID","nativeType":"string","custom":"no","name":"items[*].node_id","description":"The Items node ID","type":"string","sampleValue":"MDEwOlJlcG9zaXRvcnkxODU5NzAyMDU="},"owner.gravatar_id":{"method":{"GET":{"response":true,"name":"GET"}},"displayName":"Owner gravatar ID","nativeType":"string","custom":"no","name":"owner.gravatar_id","description":"The Owner gravatar ID","type":"string","sampleValue":""},"items[*].subscribers_url":{"method":{"GET":{"response":true,"name":"GET"}},"displayName":"Items subscribers url","nativeType":"string","custom":"no","name":"items[*].subscribers_url","description":"The Items subscribers url","type":"string","sampleValue":"https://api.github.com/repos/SharathRaju489/UiPath/subscribers"},"items[*].fork":{"method":{"GET":{"response":true,"name":"GET"}},"displayName":"Items fork","nativeType":"boolean","custom":"no","name":"items[*].fork","description":"The Items fork","type":"boolean","sampleValue":false},"comments_url":{"method":{"GET":{"response":true,"name":"GET"}},"displayName":"Comments url","nativeType":"string","custom":"no","name":"comments_url","description":"The Comments url","type":"string","sampleValue":"https://api.github.com/repos/UiPath/CoreWF/comments{/number}"},"owner.login":{"method":{"GET":{"response":true,"name":"GET"}},"displayName":"Owner login","nativeType":"string","custom":"no","name":"owner.login","description":"The Owner login","type":"string","sampleValue":"UiPath"},"items[*].languages_url":{"method":{"GET":{"response":true,"name":"GET"}},"displayName":"Items languages url","nativeType":"string","custom":"no","name":"items[*].languages_url","description":"The Items languages url","type":"string","sampleValue":"https://api.github.com/repos/SharathRaju489/UiPath/languages"},"stargazers_url":{"method":{"GET":{"response":true,"name":"GET"}},"displayName":"Stargazers url","nativeType":"string","custom":"no","name":"stargazers_url","description":"The Stargazers url","type":"string","sampleValue":"https://api.github.com/repos/UiPath/CoreWF/stargazers"},"git_url":{"method":{"GET":{"response":true,"name":"GET"}},"displayName":"Git url","nativeType":"string","custom":"no","name":"git_url","description":"The Git url","type":"string","sampleValue":"git://github.com/UiPath/CoreWF.git"},"has_pages":{"method":{"GET":{"response":true,"name":"GET"}},"displayName":"Has pages","nativeType":"boolean","custom":"no","name":"has_pages","description":"The Has pages","type":"boolean","sampleValue":false},"commits_url":{"method":{"GET":{"response":true,"name":"GET"}},"displayName":"Commits url","nativeType":"string","custom":"no","name":"commits_url","description":"The Commits url","type":"string","sampleValue":"https://api.github.com/repos/UiPath/CoreWF/commits{/sha}"},"total_count":{"method":{"GET":{"response":true,"name":"GET"}},"displayName":"Total count","nativeType":"integer","custom":"no","name":"total_count","format":"int64","description":"The Total count","type":"integer","sampleValue":6},"blobs_url":{"method":{"GET":{"response":true,"name":"GET"}},"displayName":"Blobs url","nativeType":"string","custom":"no","name":"blobs_url","description":"The Blobs url","type":"string","sampleValue":"https://api.github.com/repos/UiPath/CoreWF/git/blobs{/sha}"},"items[*].git_commits_url":{"method":{"GET":{"response":true,"name":"GET"}},"displayName":"Items git commits url","nativeType":"string","custom":"no","name":"items[*].git_commits_url","description":"The Items git commits url","type":"string","sampleValue":"https://api.github.com/repos/SharathRaju489/UiPath/git/commits{/sha}"},"items[*].visibility":{"method":{"GET":{"response":true,"name":"GET"}},"displayName":"Items visibility","nativeType":"string","custom":"no","name":"items[*].visibility","description":"The Items visibility","type":"string","sampleValue":"public"},"items[*].subscription_url":{"method":{"GET":{"response":true,"name":"GET"}},"displayName":"Items subscription url","nativeType":"string","custom":"no","name":"items[*].subscription_url","description":"The Items subscription url","type":"string","sampleValue":"https://api.github.com/repos/SharathRaju489/UiPath/subscription"},"items[*].full_name":{"method":{"GET":{"response":true,"name":"GET"}},"displayName":"Items full name","nativeType":"string","custom":"no","name":"items[*].full_name","description":"The Items full name","type":"string","sampleValue":"SharathRaju489/UiPath"},"items[*].owner.repos_url":{"method":{"GET":{"response":true,"name":"GET"}},"displayName":"Items owner repos url","nativeType":"string","custom":"no","name":"items[*].owner.repos_url","description":"The Items owner repos url","type":"string","sampleValue":"https://api.github.com/users/SharathRaju489/repos"},"items[*].owner.events_url":{"method":{"GET":{"response":true,"name":"GET"}},"displayName":"Items owner events url","nativeType":"string","custom":"no","name":"items[*].owner.events_url","description":"The Items owner events url","type":"string","sampleValue":"https://api.github.com/users/SharathRaju489/events{/privacy}"},"downloads_url":{"method":{"GET":{"response":true,"name":"GET"}},"displayName":"Downloads url","nativeType":"string","custom":"no","name":"downloads_url","description":"The Downloads url","type":"string","sampleValue":"https://api.github.com/repos/UiPath/CoreWF/downloads"},"has_issues":{"method":{"GET":{"response":true,"name":"GET"}},"displayName":"Has issues","nativeType":"boolean","custom":"no","name":"has_issues","description":"The Has issues","type":"boolean","sampleValue":true},"web_commit_signoff_required":{"method":{"GET":{"response":true,"name":"GET"}},"displayName":"Web commit signoff required","nativeType":"boolean","custom":"no","name":"web_commit_signoff_required","description":"The Web commit signoff required","type":"boolean","sampleValue":false},"items[*].pulls_url":{"method":{"GET":{"response":true,"name":"GET"}},"displayName":"Items pulls url","nativeType":"string","custom":"no","name":"items[*].pulls_url","description":"The Items pulls url","type":"string","sampleValue":"https://api.github.com/repos/SharathRaju489/UiPath/pulls{/number}"},"milestones_url":{"method":{"GET":{"response":true,"name":"GET"}},"displayName":"Milestones url","nativeType":"string","custom":"no","name":"milestones_url","description":"The Milestones url","type":"string","sampleValue":"https://api.github.com/repos/UiPath/CoreWF/milestones{/number}"},"items[*].owner.starred_url":{"method":{"GET":{"response":true,"name":"GET"}},"displayName":"Items owner starred url","nativeType":"string","custom":"no","name":"items[*].owner.starred_url","description":"The Items owner starred url","type":"string","sampleValue":"https://api.github.com/users/SharathRaju489/starred{/owner}{/repo}"},"teams_url":{"method":{"GET":{"response":true,"name":"GET"}},"displayName":"Teams url","nativeType":"string","custom":"no","name":"teams_url","description":"The Teams url","type":"string","sampleValue":"https://api.github.com/repos/UiPath/CoreWF/teams"},"fork":{"method":{"GET":{"response":true,"name":"GET"}},"displayName":"Fork","nativeType":"boolean","custom":"no","name":"fork","description":"The Fork","type":"boolean","sampleValue":false},"events_url":{"method":{"GET":{"response":true,"name":"GET"}},"displayName":"Events url","nativeType":"string","custom":"no","name":"events_url","description":"The Events url","type":"string","sampleValue":"https://api.github.com/repos/UiPath/CoreWF/events"},"issue_events_url":{"method":{"GET":{"response":true,"name":"GET"}},"displayName":"Issue events url","nativeType":"string","custom":"no","name":"issue_events_url","description":"The Issue events url","type":"string","sampleValue":"https://api.github.com/repos/UiPath/CoreWF/issues/events{/number}"},"owner.followers_url":{"method":{"GET":{"response":true,"name":"GET"}},"displayName":"Owner followers url","nativeType":"string","custom":"no","name":"owner.followers_url","description":"The Owner followers url","type":"string","sampleValue":"https://api.github.com/users/UiPath/followers"},"items[*].collaborators_url":{"method":{"GET":{"response":true,"name":"GET"}},"displayName":"Items collaborators url","nativeType":"string","custom":"no","name":"items[*].collaborators_url","description":"The Items collaborators url","type":"string","sampleValue":"https://api.github.com/repos/SharathRaju489/UiPath/collaborators{/collaborator}"},"license.spdx_id":{"method":{"GET":{"response":true,"name":"GET"}},"displayName":"License spdx ID","nativeType":"string","custom":"no","name":"license.spdx_id","description":"The License spdx ID","type":"string","sampleValue":"MIT"},"license.url":{"method":{"GET":{"response":true,"name":"GET"}},"displayName":"License url","nativeType":"string","custom":"no","name":"license.url","description":"The License url","type":"string","sampleValue":"https://api.github.com/licenses/mit"},"watchers_count":{"method":{"GET":{"response":true,"name":"GET"}},"displayName":"Watchers count","nativeType":"integer","custom":"no","name":"watchers_count","format":"int64","description":"The Watchers count","type":"integer","sampleValue":956},"items[*].svn_url":{"method":{"GET":{"response":true,"name":"GET"}},"displayName":"Items svn url","nativeType":"string","custom":"no","name":"items[*].svn_url","description":"The Items svn url","type":"string","sampleValue":"https://github.com/SharathRaju489/UiPath"},"homepage":{"method":{"GET":{"response":true,"name":"GET"}},"displayName":"Homepage","nativeType":"string","custom":"no","name":"homepage","description":"The Homepage","type":"string","sampleValue":""},"forks_count":{"method":{"GET":{"response":true,"name":"GET"}},"displayName":"Forks count","nativeType":"integer","custom":"no","name":"forks_count","format":"int64","description":"The Forks count","type":"integer","sampleValue":195}},"resources":[{"path":"/repositories","vendorPath":"/repositories","method":"GET","vendorMethod":"GET","description":"Search for Search repositories","createdDate":"2022-10-16T01:45:19Z","updatedDate":"2022-10-16T11:02:42Z","type":"api","rootKey":"|items","responseContentType":"application/json","parameters":[{"vendorName":"page","vendorType":"query","name":"page","type":"query","description":"The page number of resources to retrieve","required":false,"dataType":"integer","vendorDataType":"integer","source":"request","createdDate":"2022-10-16T01:45:19Z","updatedDate":"2022-10-16T11:02:42Z","value":"1"},{"vendorName":"sort","vendorType":"query","name":"sort","type":"query","description":"sort","required":true,"dataType":"string","vendorDataType":"string","source":"request","createdDate":"2022-10-16T01:45:19Z","updatedDate":"2022-10-16T11:02:42Z","value":"stars"},{"vendorName":"per_page","vendorType":"query","name":"pageSize","type":"query","description":"The number of resources to return in a given page","required":false,"dataType":"integer","vendorDataType":"integer","source":"request","createdDate":"2022-10-16T01:45:19Z","updatedDate":"2022-10-16T11:02:42Z","value":"30"},{"vendorName":"q","vendorType":"query","name":"q","type":"query","description":"query sring","required":true,"dataType":"string","vendorDataType":"string","source":"request","createdDate":"2022-10-16T01:45:19Z","updatedDate":"2022-10-16T11:02:42Z","value":"uipath in:name,description stars:>50"},{"vendorName":"order","vendorType":"query","name":"order","type":"query","description":"sort order","required":true,"dataType":"string","vendorDataType":"string","source":"request","createdDate":"2022-10-16T01:45:19Z","updatedDate":"2022-10-16T11:02:42Z","value":"desc"}],"hooks":[],"standardResourceName":"repositories","curated":{}}]}